Name,Alt_name,q,S1x,S1y,S1z,S2x,S2y,S2z,relaxed_eccentricity,no_of_orbits,Remnant_spin_hor,Calculated_Spin,Deviation_from_Horizon,Error_Estimate,Max_Error(Magnitutde),Max_Error_Source,Remnant_Mass_Hor,Remnant_Mass_Calc,Deviation_from_Horizon,Error_Estimate,Max_Error,Max_Error_Source,Kick(km/s),Total_Error(km/s),Max_Error,Max_Error_Source,V_mode(km/s),V_trunc(km/s),V_extrap(km/s),V_junk(km/s),V_downsample(km/s)
d16.0_q1.5_s0_0_0.5_s0_0_-0.5/Lev5,SXS:BBH:0025,1.5,0,0,0.4995,0,0,-0.4995,<7.6e-05,22.4087,0.7384,0.739,0.0005,0.0213,0.0204,Extrapolation,0.9499,0.9497,0.0002,0.0008,0.0007,Extrapolation,128.326255,25.608068,18.393361,Truncation,0.204803,18.393361,16.322373,7.140805,0.067148
d16.0_q1.5_s0_0_0.5_s-0.5_0_0/Lev6,SXS:BBH:0026,1.5,-0.0001,0.0004,0.4995,-0.4942,-0.071,-0.0003,0.00012,23.8205,0.7895,0.7904,0.001,0.0112,0.0107,Extrapolation,0.9446,0.9446,0.0001,0.0006,0.0006,Extrapolation,60.022149,23.184505,22.821758,Truncation,0.044878,22.821758,3.944201,1.055817,0.123177
d16.0_q1.5_s0.5_0_0_s-0.5_0_0/Lev6,SXS:BBH:0027,1.5,0.4968,0.051,0,-0.4944,-0.0706,0.0002,0.00008,21.358,0.6748,0.6755,0.0007,0.0098,0.0093,Extrapolation,0.9541,0.9541,0,0.0005,0.0004,Extrapolation,1092.703889,11.225051,10.165695,Extrapolation,0.128147,3.40821,10.165695,3.224263,0.795133
d16.0_q1.5_s0_0_0.5_s0_-0.5_0/Lev5,SXS:BBH:0028,1.5,-0.0011,0.0006,0.4995,0.0783,-0.489,0.0011,0.00016,23.7869,0.7859,0.7866,0.0007,0.0109,0.0104,Extrapolation,0.9433,0.9435,0.0002,0.0005,0.0005,Extrapolation,70.141001,19.612022,14.72886,Truncation,0.03648,14.72886,12.359599,3.858593,0.205748
d16.0_q1.5_s0.5_0_0_s0.5_0_0/Lev5,SXS:BBH:0029,1.5,0.4964,0.0509,-0.0007,0.4936,0.0704,-0.0011,0.00044,21.5632,0.6944,0.6948,0.0004,0.0105,0.0101,Extrapolation,0.9533,0.9532,0.0001,0.0005,0.0004,Extrapolation,515.225563,24.48767,24.208899,Truncation,0.046117,24.208899,2.98728,2.095408,0.508414
d14.0_q3.0_s0_0_0_s0_0_0/Lev5,SXS:BBH:0030,3,0,0,0,0,0,0,0.00201,18.2228,0.5406,0.5409,0.0002,0.0073,0.0057,Extrapolation,0.9712,0.9713,0,0.0003,0.0003,Extrapolation,174.739546,7.450619,6.539509,Extrapolation,0.036486,3.49769,6.539509,0.691022,0.18404
d14.0_q3.0_s0_0_0.5_s0_0_0/Lev5,SXS:BBH:0031,3,0,0,0.4995,0,0,0,<8.2e-05,21.8918,0.7552,0.7555,0.0003,0.0091,0.0071,Extrapolation,0.9604,0.9604,0.0001,0.0007,0.0005,Truncation,81.740529,23.121942,18.509443,Truncation,0.287703,18.509443,9.124301,10.414927,0.467291
d14.0_q3.0_s0.25_0_-0.433_s0_0_0/Lev5,SXS:BBH:0032,3,0.248,0.0375,-0.4318,0,0,0,<6.8e-05,15.5579,0.3729,0.3731,0.0002,0.0059,0.0045,Extrapolation,0.9762,0.9763,0.0001,0.0002,0.0002,Extrapolation,326.289211,7.137435,5.343392,Extrapolation,0.036763,4.602158,5.343392,1.089038,0.154648
d14.0_q3.0_s0.25_0_0.433_s0_0_0/Lev6,SXS:BBH:0033,3,0.2482,0.0297,0.4323,0,0,0,0.00008,21.4154,0.7387,0.7395,0.0007,0.0079,0.0071,Extrapolation,0.9618,0.9619,0.0001,0.0004,0.0004,Extrapolation,416.942428,2.130532,1.38475,Truncation,0.232099,1.38475,1.085507,1.120803,0.365021
d14.0_q3.0_s0.5_0_0_s0_0_0/Lev5,SXS:BBH:0034,3,0.497,0.0469,0.0006,0,0,0,<2.3e-04,18.45,0.6035,0.604,0.0004,0.0059,0.0053,Extrapolation,0.9697,0.9698,0.0001,0.0003,0.0002,Extrapolation,653.882115,3.894391,3.24736,Truncation,0.120268,3.24736,1.318968,1.649484,0.382099
d17.0_q3.0_s0.5_0_0_s0_0_0/Lev6,SXS:BBH:0035,3,0.4985,0.0293,-0.0004,0,0,0,0.00036,31.2149,0.6051,0.6062,0.0011,0.0108,0.0107,Extrapolation,0.9701,0.9702,0.0001,0.0005,0.0004,Extrapolation,310.999089,2.866913,2.219671,Truncation,0.01236,2.219671,1.706875,0.561937,0.250802
d18.0_q3.0_s0_0_-0.5_s0_0_0/Lev6,SXS:BBH:0036,3,0,0,-0.4995,0,0,0,0.00051,31.7235,0.3163,0.3177,0.0014,0.022,0.022,Extrapolation,0.9772,0.9772,0,0.0006,0.0006,Extrapolation,251.489331,10.233701,8.484803,Truncation,0.522053,8.484803,2.085777,5.302223,0.013425
d16.0_q3.0_s0.5_0_0_s0_0_0/Lev5,SXS:BBH:0037,3,0.4981,0.0379,0.0002,0,0,0,0.00033,26.5251,0.6056,0.6071,0.0016,0.0065,0.0062,Extrapolation,0.9702,0.9705,0.0003,0.0003,0.0002,Extrapolation,186.038134,16.305496,13.50822,Truncation,0.175988,13.50822,8.762924,2.560384,0.147826
d14.0_q3.0_s0_0_-0.5_s0_0_0/Lev5,SXS:BBH:0038,3,0,0,-0.4995,0,0,0,<9.0e-05,15.1299,0.3163,0.3167,0.0004,0.0059*,0.0048,Extrapolation,0.9772,0.9772,0,0.0002*,0.0002,Extrapolation,259.039956,4.646276*,3.910584,Extrapolation,0.089429,-,3.910584,2.49872,0.208847
d16.0_q3.0_s0_0_-0.5_s0_0_0/Lev4,SXS:BBH:0039,3,0,0,-0.4995,0,0,0,0.00298,22.3605,0.3164,0.3172,0.0008,0.0071*,0.0063,Extrapolation,0.9772,0.9773,0.0001,0.0002*,0.0002,Extrapolation,256.49242,5.642265*,5.614319,Extrapolation,0.047469,-,5.614319,0.540281,0.142927
d12.0_q3_s0_0_-0.5_s0_0_0/Lev4,SXS:BBH:0040,3,0,0,-0.4995,0,0,0,0.00082,9.3526,0.3164,0.3162,0.0001,0.0065*,0.0054,Junk Radiation,0.9772,0.977,0.0002,0.0003*,0.0003,Junk Radiation,260.077362,7.195550*,6.137248,Junk Radiation,0.049485,-,3.24486,6.137248,1.891709
d12.0_q3_s0_0_0.5_s0_0_0/Lev4,SXS:BBH:0041,3,0,0,0.4995,0,0,0,<1.1e-04,14.8454,0.755,0.7549,0.0002,0.0076*,0.0057,Extrapolation,0.9605,0.9603,0.0001,0.0003*,0.0003,Extrapolation,85.079304,14.213092*,13.813279,Extrapolation,0.004685,-,13.813279,3.33861,0.242822
d12.0_q3_s0.25_0_-0.433_s0_0_0/Lev4,SXS:BBH:0042,3,0.2487,0.0399,-0.4314,0,0,0,0.00039,9.7208,0.3734,0.3733,0.0001,0.0057*,0.0047,Junk Radiation,0.9764,0.9763,0.0001,0.0002*,0.0002,Junk Radiation,292.802795,10.448409*,10.241025,Extrapolation,0.164464,-,10.241025,2.00252,0.503524
d12.0_q3_s0.25_0_0.433_s0_0_0/Lev4,SXS:BBH:0043,3,0.247,0.0373,0.4325,0,0,0,<1.3e-04,14.4618,0.7393,0.7397,0.0004,0.0077*,0.0059,Extrapolation,0.962,0.962,0,0.0004*,0.0004,Extrapolation,99.633044,7.286869*,7.185903,Extrapolation,0.163471,-,7.185903,1.181761,0.194883
d12.0_q3_s0.5_0_0_s0_0_0/Lev4,SXS:BBH:0044,3,0.4944,0.0716,0.0018,0,0,0,<2.9e-04,12.0674,0.606,0.6056,0.0003,0.0058*,0.0044,Junk Radiation,0.97,0.9701,0.0001,0.0002*,0.0002,Junk Radiation,290.842645,13.124895*,12.880354,Extrapolation,0.169053,-,12.880354,2.500847,0.276646
d14.0_q3.0_s0_0_0.5_s0_0_-0.5/Lev5,SXS:BBH:0045,3,0,0,0.4995,0,0,-0.4994,0.00064,20.9911,0.741,0.7411,0.0001,0.0074*,0.0065,Extrapolation,0.9624,0.9624,0,0.0004*,0.0003,Extrapolation,88.796503,8.591659*,6.386615,Extrapolation,0.44235,-,6.386615,5.71779,0.372776
d14.0_q3.0_s0_0_-0.5_s0_0_-0.5/Lev5,SXS:BBH:0046,3,0,0,-0.4995,0,0,-0.4994,0.00026,14.3991,0.2993,0.2994,0.0001,0.0054*,0.0042,Extrapolation,0.978,0.9779,0,0.0002*,0.0001,Extrapolation,244.865055,10.957290*,10.946827,Extrapolation,0.001635,-,10.946827,0.44412,0.178725
d14.0_q3.0_s0_0_0.5_s0_0_0.5/Lev5,SXS:BBH:0047,3,0,0,0.4995,0,0,0.4994,0.00047,22.7177,0.7686,0.7694,0.0008,0.0086*,0.0076,Extrapolation,0.9582,0.9583,0.0001,0.0005*,0.0005,Extrapolation,72.081948,4.975969*,4.714704,Junk Radiation,0.240071,-,1.556849,4.714704,0.224541
d14.0_q3.0_s0_0_0.5_s0.5_0_0/Lev5,SXS:BBH:0048,3,-0.0001,-0.0009,0.4995,0.4714,0.1649,0.0009,0.00018,21.8732,0.7554,0.7562,0.0008,0.0083*,0.0073,Extrapolation,0.9603,0.9604,0.0001,0.0005*,0.0004,Extrapolation,216.887131,5.211450*,4.95663,Extrapolation,0.290645,-,4.95663,1.556833,0.287811
d14.0_q3.0_s0.5_0_0_s0_0_0.5/Lev5,SXS:BBH:0049,3,0.4941,0.0733,0.0011,-0.0002,-0.008,0.4993,0.00041,19.4156,0.6184,0.6193,0.0009,0.0069*,0.0058,Extrapolation,0.9688,0.969,0.0002,0.0004*,0.0003,Extrapolation,240.877217,4.948564*,4.942172,Extrapolation,0.217682,-,4.942172,0.065047,0.107717
d14.0_q3.0_s0.5_0_0_s0.5_0_0/Lev5,SXS:BBH:0050,3,0.4944,0.0716,0.0015,0.4674,0.1759,0.0049,<5.1e-04,18.6238,0.6111,0.6117,0.0007,0.0066*,0.0055,Extrapolation,0.9691,0.9692,0.0001,0.0003*,0.0003,Extrapolation,915.720688,1.936475*,1.785512,Junk Radiation,0.15971,-,0.49141,1.785512,0.543039
d14.0_q3.0_s0_0_0.5_s-0.5_0_0/Lev5,SXS:BBH:0051,3,0.0002,0.0009,0.4995,-0.4742,-0.1566,0.001,0.00014,21.8774,0.7554,0.7562,0.0007,0.0082*,0.0072,Extrapolation,0.9603,0.9603,0.0001,0.0005*,0.0004,Extrapolation,214.098313,6.088593*,5.821032,Extrapolation,0.483259,-,5.821032,1.692942,0.294895
d14.0_q3.0_s0.5_0_0_s0_0_-0.5/Lev5,SXS:BBH:0052,3,0.4942,0.0731,0.0013,0.0008,0.0081,-0.4993,0.00039,17.7261,0.5915,0.5919,0.0004,0.0064*,0.0052,Extrapolation,0.9712,0.9713,0.0001,0.0003*,0.0003,Extrapolation,492.235133,1.897280*,1.780767,Junk Radiation,0.171787,-,0.58909,1.780767,0.228043
d14.0_q3.0_s0.5_0_0_s-0.5_0_0/Lev5,SXS:BBH:0053,3,0.4939,0.0748,0.0009,-0.464,-0.1845,-0.0025,0.00019,18.5324,0.5969,0.5978,0.0009,0.0067,0.0054,Extrapolation,0.9702,0.9704,0.0002,0.0003,0.0003,Extrapolation,527.515903,7.780515,5.417848,Extrapolation,0.079238,5.219989,5.417848,1.96314,0.273575
d12.0_q5.0_s0_s0/Lev5,SXS:BBH:0054,5,0,0,0,0,0,0,0.00375,15.4283,0.4166,0.4169,0.0002,0.0047,0.0035,Junk Radiation,0.9824,0.9824,0,0.0002,0.0002,Extrapolation,136.285811,5.312846,4.053549,Extrapolation,0.405641,3.372097,4.053549,0.488743,0.143574
d14.0_q5_s0_s0/Lev5,SXS:BBH:0055,5,0,0,0,0,0,0,0.00024,23.7539,0.4166,0.417,0.0003,0.0051*,0.0043,Extrapolation,0.9824,0.9824,0,0.0002*,0.0002,Extrapolation,137.021221,5.413859*,5.358354,Extrapolation,0.675815,-,5.358354,0.347911,0.141923
d15.0_q5.0_s0_0_0_s0/Lev5,SXS:BBH:0056,5,0,0,0,0,0,0,0.00049,28.8102,0.4166,0.417,0.0004,0.0055,0.005,Extrapolation,0.9824,0.9824,0,0.0002,0.0002,Extrapolation,134.551479,9.394764,7.488561,Truncation,0.791064,7.488561,5.611062,0.238628,0.127678
d09.5_q5_s0.343_-0.269_-0.208_s0_0_0/Lev5,SXS:BBH:0057,5,0.4018,-0.1767,-0.2006,0,0,0,[simulation,6.4913,0.4183,0.4185,0.0002,0.0062,0.0059,Junk Radiation,0.9838,0.9838,0,0.0004,0.0004,Junk Radiation,224.987602,10.189307,9.133872,Truncation,0.275226,9.133872,1.671754,4.162014,0.448877
d15.0_q5.0_s0.5_0_0_s0/Lev5,SXS:BBH:0058,5,0.4984,0.0271,0.0001,0,0,0,0.0021,28.9907,0.5383,0.539,0.0007,0.0046,0.0045,Extrapolation,0.9812,0.9813,0.0001,0.0002,0.0002,Extrapolation,362.309229,3.441189,3.261562,Truncation,0.527331,3.261562,0.116802,0.915588,0.271984
d09.5_q5_s0.24_-0.148_-0.158_s0_0_0/Lev3,SXS:BBH:0059,5,0.2653,-0.0963,-0.1574,0,0,0,0.00643,6.9043,0.3755,0.3757,0.0002,0.0062,0.0059,Junk Radiation,0.9836,0.9831,0.0004,0.0008,0.0007,Junk Radiation,257.159046,10.938361,8.534223,Junk Radiation,2.385832,0.380321,6.365592,8.534223,0.676164
d15.0_q5.0_s0_0_-0.5_s0/Lev4,SXS:BBH:0060,5,0,0,-0.4995,0,0,0,0.0034,23.1708,0.1166,0.1166,0,0.0032*,0.0029,Extrapolation,0.9863,0.9863,0,0.0001*,0.0001,Junk Radiation,184.776001,8.684421*,8.549189,Extrapolation,0.107297,-,8.549189,1.516315,0.140744
d15.0_q5.0_s0_0_0.5_s0/Lev4,SXS:BBH:0061,5,0,0,0.4996,0,0,0,0.00421,34.4869,0.7065,0.7076,0.0011,0.0050*,0.0049,Extrapolation,0.9745,0.9746,0.0002,0.0002*,0.0002,Extrapolation,66.000565,4.380066*,3.711185,Extrapolation,0.506153,-,3.711185,2.265344,0.155262
d12.0_q5_s0.353_-0.279_-0.218_s0_0_0/Lev3,SXS:BBH:0062,5,0.3839,-0.2362,-0.2181,0,0,0,0.00026,13.6065,0.4212,0.4209,0.0003,0.0031*,0.0024,Junk Radiation,0.9836,0.9836,0,0.0001*,0.0001,Junk Radiation,273.488358,5.493485*,4.997731,Extrapolation,0.679192,-,4.997731,2.16863,0.191851
d13.0_q8.0_s0_s0/Lev5,SXS:BBH:0063,8,0,0,0,0,0,0,0.00028,25.8255,0.3067,0.307,0.0003,0.0032,0.0027,Extrapolation,0.9894,0.9895,0,0.0001,0.0001,Extrapolation,84.287218,4.573173,4.122068,Truncation,0.215144,4.122068,1.961963,0.138644,0.087479
d13.0_q8.0_s0_0_-0.5_s0/Lev5,SXS:BBH:0064,8,0,0,-0.4996,0,0,0,0.00049,19.1647,0.0526,0.0524,0.0001,0.0027,0.002,Junk Radiation,0.9919,0.9919,0,0.0001,0.0001,Junk Radiation,107.665835,5.088571,3.97043,Extrapolation,0.414344,2.916991,3.97043,1.20343,0.021902
d13.0_q8.0_s0_0_0.5_s0/Lev4,SXS:BBH:0065,8,0,0,0.4996,0,0,0,0.00374,33.9735,0.6574,0.6581,0.0007,0.0035,0.0033,Extrapolation,0.9842,0.9844,0.0001,0.0002,0.0002,Extrapolation,43.338199,8.050804,7.598183,Truncation,0.165864,7.598183,0.343977,2.632945,0.069514
d18.0_q1.0_s0_0_0_s0_0_0E1/Lev5,SXS:BBH:0066,1,0,0,0,0,0,0,0.00008,28.1052,0.6865,0.6876,0.0011,0.0152*,0.0146,Extrapolation,0.9516,0.9516,0,0.0006*,0.0006,Extrapolation,0.000304,0.000091*,0.000072,Extrapolation,0.000003,-,0.000072,0.000055,0.000002
d18.0_q1.0_s0_0_0_s0_0_0E2/Lev5,SXS:BBH:0067,1,0,0,0,0,0,0,0.00025,28.1192,0.6865,0.6877,0.0012,0.0154*,0.0147,Extrapolation,0.9516,0.9517,0.0001,0.0006*,0.0006,Extrapolation,0.000311,0.000090*,0.000084,Junk Radiation,0.000004,-,0.000032,0.000084,0.000002
d18.0_q1.0_s0_0_0_s0_0_0E3/Lev5,SXS:BBH:0068,1,0,0,0,0,0,0,0.00196,28.2934,0.6865,0.6874,0.0009,0.0151*,0.0144,Extrapolation,0.9516,0.9516,0,0.0005*,0.0005,Extrapolation,0.000332,0.000184*,0.000181,Extrapolation,0.000012,-,0.000181,0.000028,0.000014
d18.0_q1.0_s0_0_0_s0_0_0E4/Lev5,SXS:BBH:0069,1,0,0,0,0,0,0,0.01857,30.0676,0.6865,0.6876,0.0011,0.0158*,0.0153,Extrapolation,0.9516,0.9516,0,0.0005*,0.0005,Extrapolation,0.000228,0.000120*,0.000119,Extrapolation,0.000001,-,0.000119,0.000013,0.000015
d18.0_q1.0_s0_0_0_s0_0_0Ecc6/Lev5,SXS:BBH:0070,1,0,0,0,0,0,0,<7.5e-05,28.1033,0.6865,0.6875,0.0011,0.0151*,0.0145,Extrapolation,0.9516,0.9516,0,0.0005*,0.0005,Extrapolation,0.000326,0.000086*,0.000082,Junk Radiation,0.000004,-,0.000026,0.000082,0.000002
d18.0_q1.0_s0_0_0_s0_0_0F1/Lev5,SXS:BBH:0071,1,0,0,0,0,0,0,<7.5e-05,28.1016,0.6865,0.6877,0.0012,0.0154*,0.0147,Extrapolation,0.9516,0.9517,0.0001,0.0006*,0.0006,Extrapolation,0.000405,0.000175*,0.000148,Extrapolation,0.000004,-,0.000148,0.000093,0.000002
d18.0_q1.0_s0_0_0_s0_0_0F2/Lev5,SXS:BBH:0072,1,0,0,0,0,0,0,0.00014,28.0833,0.6865,0.6875,0.0011,0.0151*,0.0144,Extrapolation,0.9516,0.9516,0,0.0005*,0.0005,Extrapolation,0.000405,0.000162*,0.000137,Extrapolation,0.000004,-,0.000137,0.000087,0.000002
d18.0_q1.0_s0_0_0_s0_0_0F3/Lev5,SXS:BBH:0073,1,0,0,0,0,0,0,0.0018,27.9106,0.6865,0.6876,0.0012,0.0152*,0.0145,Extrapolation,0.9516,0.9516,0,0.0006*,0.0006,Extrapolation,0.000273,0.000083*,0.000078,Extrapolation,0.000002,-,0.000078,0.000027,0.000001
d18.0_q1.0_s0_0_0_s0_0_0F4/Lev5,SXS:BBH:0074,1,0,0,0,0,0,0,0.01908,26.2282,0.6866,0.6877,0.0011,0.0160*,0.0138,Extrapolation,0.9516,0.9516,0,0.0006*,0.0006,Extrapolation,0.000258,0.000088*,0.000086,Extrapolation,0.000004,-,0.000086,0.000019,0.000001
d16.0_q1.5_s0.5_0_0_s0_0_0E1/Lev5,SXS:BBH:0075,1.5,0.4966,0.051,-0.0004,0,0,0,<1.4e-04,21.4276,0.6847,0.685,0.0002,0.0095*,0.009,Extrapolation,0.9545,0.9544,0.0001,0.0004*,0.0004,Extrapolation,318.647074,3.205994*,2.513234,Junk Radiation,0.0102,-,1.965015,2.513234,0.317269
d16.0_q1.5_s0.5_0_0_s0_0_0E2/Lev5,SXS:BBH:0076,1.5,0.4966,0.0509,-0.0004,0,0,0,0.00017,21.4415,0.6846,0.6849,0.0004,0.0096*,0.0092,Extrapolation,0.9544,0.9544,0.0001,0.0004*,0.0004,Extrapolation,402.299247,3.353359*,2.621496,Junk Radiation,0.010794,-,2.058757,2.621496,0.3663
d16.0_q1.5_s0.5_0_0_s0_0_0E3/Lev5,SXS:BBH:0077,1.5,0.4967,0.0508,-0.0004,0,0,0,0.00215,21.5966,0.6823,0.6826,0.0002,0.0095*,0.009,Extrapolation,0.9538,0.9537,0.0001,0.0004*,0.0004,Extrapolation,994.829227,7.014141*,6.305339,Extrapolation,0.000324,-,6.305339,3.005802,0.637207
d16.0_q1.5_s0.5_0_0_s0_0_0E4/Lev5,SXS:BBH:0078,1.5,0.4968,0.0492,-0.0004,0,0,0,0.02016,23.2094,0.6823,0.6839,0.0015,0.0102*,0.0098,Extrapolation,0.9538,0.9539,0.0001,0.0004*,0.0004,Extrapolation,1024.45546,11.419852*,10.166769,Extrapolation,0.004532,-,10.166769,5.191578,0.311979
d16.0_q1.5_s0.5_0_0_s0_0_0F1/Lev5,SXS:BBH:0079,1.5,0.4966,0.051,-0.0004,0,0,0,<1.5e-04,21.4241,0.6848,0.6851,0.0003,0.0096*,0.0091,Extrapolation,0.9545,0.9544,0.0001,0.0004*,0.0004,Extrapolation,300.611321,3.375943*,2.442388,Junk Radiation,0.010342,-,2.3102,2.442388,0.307573
d16.0_q1.5_s0.5_0_0_s0_0_0F2/Lev5,SXS:BBH:0080,1.5,0.4966,0.051,-0.0004,0,0,0,0.00026,21.411,0.6849,0.6853,0.0004,0.0096*,0.0091,Extrapolation,0.9545,0.9545,0.0001,0.0004*,0.0004,Extrapolation,221.155208,3.284153*,2.49399,Extrapolation,0.005876,-,2.49399,2.12165,0.253459
d16.0_q1.5_s0.5_0_0_s0_0_0F3/Lev5,SXS:BBH:0081,1.5,0.4966,0.0511,-0.0004,0,0,0,0.00216,21.2575,0.6838,0.6842,0.0004,0.0095*,0.009,Extrapolation,0.9543,0.9543,0,0.0004*,0.0004,Extrapolation,689.721539,4.192760*,3.3554,Extrapolation,0.000483,-,3.3554,2.501902,0.247016
d16.0_q1.5_s0.5_0_0_s0_0_0F4/Lev5,SXS:BBH:0082,1.5,0.4964,0.0529,-0.0003,0,0,0,0.02203,19.7675,0.6847,0.6854,0.0007,0.0090*,0.0085,Extrapolation,0.9546,0.9545,0.0001,0.0003*,0.0003,Junk Radiation,276.37572,14.757508*,13.230902,Extrapolation,0.048294,-,13.230902,6.271849,1.840886
d18.0_q1.0_s0_0_0.5_s0_0_0Ecc2em2/Lev5,SXS:BBH:0083,1,0,0,0.4995,0,0,0,0.02578,32.3996,0.7606,0.7623,0.0017,0.0216*,0.0214,Extrapolation,0.9437,0.9437,0.0001,0.0008*,0.0008,Extrapolation,97.987383,4.641186*,4.422075,Extrapolation,0.00741,-,4.422075,1.398726,0.171368
d18.0_q1.0_s0_0_0.5_s0_0_0Ecc6em3/Lev5,SXS:BBH:0084,1,0,0,0.4995,0,0,0,0.00623,30.6904,0.7605,0.7614,0.0009,0.0154*,0.0139,Extrapolation,0.9436,0.9437,0,0.0006*,0.0005,Extrapolation,103.111084,2.478775*,2.447387,Extrapolation,0.00172,-,2.447387,0.386964,0.069844
d18.0_q1.0_s0_0_0.5_s0_0_0Ecc7em3/Lev5,SXS:BBH:0085,1,0,0,0.4995,0,0,0,0.00751,30.8286,0.7604,0.762,0.0016,0.0154*,0.0141,Extrapolation,0.9437,0.9438,0.0001,0.0006*,0.0006,Extrapolation,102.969541,1.703455*,1.573804,Junk Radiation,0.003976,-,0.645021,1.573804,0.093978
d18.0_q1.0_s0_0_0_s0_0_0Ecc1em3/Lev5,SXS:BBH:0086,1,0,0,0,0,0,0,0.00118,28.1882,0.6865,0.6876,0.0011,0.0136*,0.0129,Extrapolation,0.9516,0.9517,0,0.0005*,0.0005,Extrapolation,0.000268,0.000045*,0.000034,Extrapolation,0.000001,-,0.000034,0.000029,0.000001
d19.0_q1.0_s0.5_0_0_s0_0_0Ecc6em2/Lev5,SXS:BBH:0088,1,0.495,0.0667,0.0004,0,0,0,0.06416,31.8746,0.6948,0.6966,0.0018,0.0139*,0.0135,Extrapolation,0.9509,0.951,0.0001,0.0004*,0.0004,Extrapolation,689.200398,8.222741*,8.187804,Extrapolation,0.023046,-,8.187804,0.551436,0.518389
d19.0_q1.0_s0_0_-0.5_s0_0_0Ecc6em2/Lev5,SXS:BBH:0089,1,0,0,-0.4995,0,0,0,0.06572,31.0617,0.6084,0.6094,0.0011,0.0134*,0.013,Extrapolation,0.9575,0.9574,0,0.0004*,0.0003,Extrapolation,118.68891,2.502191*,2.435962,Extrapolation,0.016506,-,2.435962,0.562366,0.102588
d19.0_q1.0_s0_0_0_s0_0_0Ecc1em3/Lev5,SXS:BBH:0090,1,0,0,0,0,0,0,0.00099,32.4231,0.6864,0.6866,0.0001,0.0141*,0.0136,Extrapolation,0.9516,0.9513,0.0003,0.0003*,0.0003,Extrapolation,0.000308,0.000141*,0.000141,Extrapolation,0,-,0.000141,0.000002,0.000001
d19.0_q1.0_s0_0_0_s0_0_0Ecc2em2/Lev5,SXS:BBH:0091,1,0,0,0,0,0,0,0.02181,34.1826,0.6865,0.6872,0.0007,0.0151*,0.0146,Extrapolation,0.9516,0.9514,0.0001,0.0004*,0.0004,Extrapolation,0.000294,0.000070*,0.000067,Extrapolation,0,-,0.000067,0.000019,0.000002
d16.0_q1.5_s0.25_0_-0.433_s0_0_0Ecc3em3/Lev5,SXS:BBH:0092,1.5,0.2478,0.0285,-0.4328,0,0,0,0.00337,19.5063,0.5635,0.5621,0.0014,0.0166,0.0156,Extrapolation,0.9614,0.9606,0.0008,0.0012,0.0009,Junk Radiation,256.686446,53.651305,33.285178,Truncation,0.266223,33.285178,28.499828,30.951281,0.516265
d18.0_q1.5_s0_0_0_s0_0_0Ecc2em3/Lev5,SXS:BBH:0093,1.5,0,0,0,0,0,0,0.00229,28.929,0.664,0.6651,0.0011,0.0178*,0.0173,Extrapolation,0.9552,0.9552,0,0.0006*,0.0006,Extrapolation,102.307234,6.591030*,6.590155,Extrapolation,0.047213,-,6.590155,0.01143,0.095748
d16.0_q1.5_s0.5_0_0_s0_0_0Ecc1em2/Lev5,SXS:BBH:0094,1.5,0.496,0.0589,0.0002,0,0,0,0.01301,21.4187,0.6848,0.6852,0.0005,0.0097*,0.009,Extrapolation,0.9544,0.9544,0,0.0004*,0.0004,Extrapolation,224.31966,4.288339*,3.12459,Extrapolation,0.013211,-,3.12459,2.924038,0.276799
d16.0_q1.5_s0.5_0_0_s0_0_0Ecc1em3/Lev5,SXS:BBH:0095,1.5,0.4966,0.0511,-0.0004,0,0,0,0.00135,21.4092,0.6847,0.685,0.0003,0.0097*,0.0092,Extrapolation,0.9545,0.9544,0.0001,0.0004*,0.0004,Extrapolation,291.82486,3.792133*,2.987166,Extrapolation,0.002456,-,2.987166,2.314612,0.315719
d16.0_q1.5_s0.5_0_0_s0_0_0Ecc2em4/Lev5,SXS:BBH:0096,1.5,0.4966,0.051,-0.0004,0,0,0,0.00021,21.4063,0.6847,0.6851,0.0003,0.0097*,0.0092,Extrapolation,0.9545,0.9544,0.0001,0.0004*,0.0004,Extrapolation,279.024837,3.703599*,2.881273,Extrapolation,0.003811,-,2.881273,2.30658,0.307546
d16.0_q1.5_s0.5_0_0_s0_0_0Ecc4em2/Lev5,SXS:BBH:0097,1.5,0.4953,0.0648,0.0006,0,0,0,0.03971,19.2392,0.6849,0.6851,0.0002,0.0093*,0.0085,Extrapolation,0.9545,0.954,0.0004,0.0005*,0.0005,Junk Radiation,217.175438,15.344095*,12.421648,Junk Radiation,0.012518,-,8.592841,12.421648,2.703121
d18.0_q1.5_s0.5_0_0_s0_0_0Ecc2em2/Lev5,SXS:BBH:0098,1.5,0.4862,0.1145,0.0016,0,0,0,0.02051,27.5277,0.6839,0.685,0.0011,0.0126,0.0111,Extrapolation,0.9543,0.9543,0,0.0004,0.0004,Extrapolation,648.927929,10.267611,9.265779,Truncation,0.00902,9.265779,4.021072,1.841824,0.088054
d18.0_q1.5_s0.5_0_0_s0_0_0Ecc2em31/Lev5,SXS:BBH:0099,1.5,0.4961,0.0582,0.0005,0,0,0,0.00205,29.0368,0.6824,0.6841,0.0017,0.0118*,0.0114,Extrapolation,0.9538,0.9541,0.0002,0.0004*,0.0004,Extrapolation,897.376058,11.805264*,11.644519,Extrapolation,0.008608,-,11.644519,1.879077,0.488304
d18.0_q1.5_s0_0_0_s0_0_0Ecc2em2/Lev5,SXS:BBH:0100,1.5,0,0,0,0,0,0,0.02188,27.3571,0.6641,0.6647,0.0007,0.0133*,0.0112,Extrapolation,0.9552,0.9552,0,0.0004*,0.0004,Extrapolation,103.188827,4.392047*,4.390604,Extrapolation,0.011818,-,4.390604,0.05943,0.094881
d19.0_q1.5_s0_0_-0.5_s0_0_0Ecc2em3/Lev5,SXS:BBH:0101,1.5,0,0,-0.4995,0,0,0,0.00247,30.4878,0.5402,0.5411,0.0009,0.0139*,0.012,Extrapolation,0.9624,0.9624,0,0.0004*,0.0004,Extrapolation,223.268464,4.283544*,3.197939,Junk Radiation,0.041912,-,2.849311,3.197939,0.040033
d16.0_q1.5_s0.5_0_0_s0.5_0_0Ecc8em3/Lev5,SXS:BBH:0102,1.5,0.4964,0.051,-0.0007,0.4936,0.0705,-0.0011,0.00088,21.6391,0.6945,0.6954,0.0009,0.0096*,0.0091,Extrapolation,0.9533,0.9534,0,0.0004*,0.0004,Extrapolation,445.736811,2.555731*,2.499313,Junk Radiation,0.04199,-,0.247658,2.499313,0.471272
d18.0_q1.5_s0.5_0_0_s0_0_0Ecc2em3/Lev5,SXS:BBH:0103,1.5,0.4961,0.0582,0.0005,0,0,0,0.00227,29.0566,0.6825,0.6837,0.0012,0.0120*,0.0116,Extrapolation,0.9539,0.954,0.0001,0.0004*,0.0004,Extrapolation,951.127594,10.268399*,10.093894,Extrapolation,0.010999,-,10.093894,1.80935,0.528625
d14.0_q3.0_s0_0_0.5_s-0.5_0_0Ecc9em4/Lev5,SXS:BBH:0104,3,0.0002,0.0009,0.4995,-0.4741,-0.157,0.001,0.00096,21.9343,0.7555,0.7562,0.0008,0.0073*,0.0063,Extrapolation,0.9603,0.9604,0.0001,0.0004*,0.0003,Extrapolation,225.015191,6.396071*,6.320964,Extrapolation,0.302065,-,6.320964,0.887679,0.275538
d18.0_q3.0_s0_0_-0.5_s0_0_0Ecc2m2/Lev4,SXS:BBH:0105,3,0,0,-0.4995,0,0,0,0.02191,29.6539,0.3162,0.3169,0.0006,0.0087*,0.0069,Extrapolation,0.9772,0.9772,0,0.0002*,0.0002,Extrapolation,258.328025,3.960972*,3.829422,Extrapolation,0.011041,-,3.829422,1.012093,0.019334
d14.0_q5_s0_s0Ecc4em2/Lev5,SXS:BBH:0106,5,0,0,0,0,0,0,0.0359,21.3169,0.4166,0.417,0.0004,0.0062,0.0045,Extrapolation,0.9824,0.9824,0,0.0003,0.0002,Extrapolation,135.319275,8.09626,6.771143,Truncation,0.752728,6.771143,4.370898,0.092953,0.145184
d15.0_q5.0_s0_0_0_s0Ecc2em3/Lev5,SXS:BBH:0107,5,0,0,0,0,0,0,0.00231,28.6512,0.4166,0.4169,0.0003,0.0055,0.0049,Extrapolation,0.9824,0.9824,0,0.0002,0.0002,Extrapolation,137.465003,8.18278,7.711298,Extrapolation,0.845297,2.598015,7.711298,0.101406,0.138814
d15.0_q5.0_s0_0_-0.5_s0Ecc3em2/Lev5,SXS:BBH:0108,5,0,0,-0.4996,0,0,0,0.03529,20.7279,0.1168,0.1171,0.0003,0.0046*,0.0037,Extrapolation,0.9862,0.9863,0.0001,0.0002*,0.0001,Extrapolation,177.586704,4.224171*,3.390944,Extrapolation,0.361167,-,3.390944,2.49222,0.059255
d13.0_q5.0_s0_0_-0.5_s0Ecc1em3/Lev5,SXS:BBH:0109,5,0,0,-0.4995,0,0,0,0.00124,14.7228,0.1166,0.1168,0.0002,0.0036*,0.0028,Extrapolation,0.9863,0.9863,0,0.0001*,0.0001,Junk Radiation,180.054712,5.739554*,5.590465,Extrapolation,0.467062,-,5.590465,1.211946,0.04711
d13.0_q5.0_s0_0_0.5_s0Ecc4em4/Lev4,SXS:BBH:0110,5,0,0,0.4996,0,0,0,0.00041,24.2369,0.7067,0.707,0.0002,0.0051*,0.0046,Extrapolation,0.9745,0.9745,0,0.0002*,0.0002,Extrapolation,71.525602,9.233628*,8.857181,Extrapolation,0.993345,-,8.857181,2.409332,0.136428
d13.0_q5.0_s0_0_-0.5_s0Ecc6em3/Lev5,SXS:BBH:0111,5,0,0,-0.4995,0,0,0,0.00569,14.4927,0.1167,0.1168,0.0002,0.0036*,0.0027,Extrapolation,0.9863,0.9863,0,0.0001*,0.0001,Junk Radiation,181.682237,6.670583*,6.568887,Extrapolation,0.499769,-,6.568887,1.028899,0.194956
d14.0_q5_s0_s0Ecc1em3/Lev5,SXS:BBH:0112,5,0,0,0,0,0,0,0.00119,23.6886,0.4166,0.417,0.0003,0.0051*,0.0043,Extrapolation,0.9824,0.9824,0,0.0002*,0.0002,Extrapolation,136.784201,5.448620*,5.387109,Extrapolation,0.736351,-,5.387109,0.323234,0.14077
d14.0_q5_s0_s0Ecc8em3/Lev5,SXS:BBH:0113,5,0,0,0,0,0,0,0.00774,23.3561,0.4166,0.417,0.0004,0.0058,0.0043,Extrapolation,0.9824,0.9824,0,0.0002,0.0002,Extrapolation,135.51291,6.379162,4.755061,Truncation,0.609116,4.755061,4.203145,0.173568,0.12457
d13.0_q8.0_s0_0_-0.5_s0Ecc2em3/Lev5,SXS:BBH:0114,8,0,0,-0.4996,0,0,0,0.00174,19.0651,0.0526,0.0524,0.0002,0.0026*,0.0019,Junk Radiation,0.9919,0.9919,0,0.0001*,0.0001,Junk Radiation,107.548238,3.540541*,3.289742,Extrapolation,0.078744,-,3.289742,1.302017,0.10761
d15-q1.07-sA_0.0216_0.00635_-0.204_sB_0.212_-0.139_0.29/Lev5,SXS:BBH:0115,1.07,0.019,0.0126,-0.204,0.2429,-0.0673,0.2911,0.0001,17.6384,0.6945,0.6945,0,0.0121*,0.0088,Extrapolation,0.9506,0.9506,0.0001,0.0005*,0.0004,Extrapolation,294.276866,9.118798*,9.106171,Extrapolation,0.001256,-,9.106171,0.433856,0.204693
d15-q1.08-sA_-0.0282_0.097_0.0329_sB_0.153_-0.105_0.102/Lev5,SXS:BBH:0116,1.08,-0.078,0.0647,0.0334,0.1851,0.0066,0.1029,<1.0e-04,17.8686,0.7058,0.706,0.0003,0.0188*,0.0165,Junk Radiation,0.9498,0.9498,0,0.0005*,0.0004,Extrapolation,43.643477,0.717515*,0.702632,Extrapolation,0.0014,-,0.702632,0.145213,0.006884
d15-q1.08-sA_0.0567_-0.125_0.0688_sB_-0.418_-0.0531_-0.208/Lev5,SXS:BBH:0117,1.08,0.1183,-0.0688,0.0704,-0.3022,-0.2984,-0.2003,<1.8e-04,17.0672,0.6737,0.6742,0.0005,0.0184*,0.0166,Junk Radiation,0.9529,0.9529,0,0.0004*,0.0003,Extrapolation,588.349942,4.092105*,4.028006,Extrapolation,0.026547,-,4.028006,0.590186,0.41409
d15-q1.12-sA_0.000726_0.03_0.343_sB_-0.235_-0.0521_0.257/Lev5,SXS:BBH:0118,1.12,-0.0102,0.0296,0.3428,-0.19,-0.1462,0.2578,<1.0e-04,19.4637,0.7775,0.7778,0.0003,0.0153*,0.0116,Junk Radiation,0.9419,0.9418,0.0001,0.0006*,0.0005,Extrapolation,441.258856,4.664510*,4.633536,Extrapolation,0.003623,-,4.633536,0.467358,0.26374
d15-q1.12-sA_-0.00154_0.0695_0.26_sB_0.0739_-0.0144_0.00607/Lev5,SXS:BBH:0119,1.12,-0.0122,0.068,0.2601,0.0784,-0.0028,0.0063,<1.0e-04,18.4,0.731,0.7309,0.0001,0.0101*,0.0092,Extrapolation,0.9475,0.9475,0,0.0004*,0.0004,Extrapolation,38.531371,0.770829*,0.677481,Extrapolation,0.007058,-,0.677481,0.365509,0.039372
d15-q1.12-sA_0.00314_-0.243_-0.0127_sB_-0.197_-0.151_-0.103/Lev5,SXS:BBH:0120,1.12,0.1384,-0.2,-0.0083,-0.0653,-0.2414,-0.0986,0.00021,17.1134,0.6771,0.6775,0.0004,0.0186*,0.0165,Junk Radiation,0.9532,0.9532,0,0.0005*,0.0004,Extrapolation,39.547457,1.527817*,1.523465,Extrapolation,0.002782,-,1.523465,0.11234,0.025511
d15-q1.12-sA_-0.0781_-0.0996_0.355_sB_-0.341_-0.0705_-0.297/Lev5,SXS:BBH:0121,1.12,-0.0609,-0.1088,0.3555,-0.3234,-0.1271,-0.2973,<1.9e-04,17.8381,0.7139,0.7152,0.0013,0.0096*,0.0085,Extrapolation,0.9494,0.9496,0.0002,0.0004*,0.0004,Extrapolation,357.390097,18.298196*,18.295156,Extrapolation,0.044949,-,18.295156,0.25245,0.213277
d15-q1.1-sA_0.266_-0.0234_-0.416_sB_0.027_-0.0595_0.126/Lev5,SXS:BBH:0123,1.1,0.2668,0.0203,-0.4151,0.0376,-0.0537,0.1263,<8.8e-05,16.4622,0.6338,0.6338,0,0.0091*,0.0079,Extrapolation,0.9556,0.9556,0,0.0004*,0.0003,Extrapolation,542.797686,0.946654*,0.767586,Extrapolation,0.004091,-,0.767586,0.485727,0.26649
d15-q1.26-sA_0.227_-0.121_0.0702_sB_0.0428_-0.114_0.286/Lev5,SXS:BBH:0124,1.26,0.2502,-0.0583,0.0713,0.0751,-0.0953,0.2862,0.00011,18.6913,0.7299,0.7299,0,0.0204*,0.0188,Extrapolation,0.9479,0.9476,0.0003,0.0008*,0.0006,Extrapolation,379.970062,4.120540*,3.253722,Junk Radiation,0.051236,-,2.515551,3.253722,0.248037
d15-q1.27-sA_0.0191_0.0411_-0.0568_sB_0.433_0.15_0.0691/Lev5,SXS:BBH:0125,1.27,0.0117,0.0453,-0.0585,0.3888,0.2415,0.0702,<1.8e-04,17.6225,0.6797,0.6804,0.0007,0.0099*,0.0083,Extrapolation,0.9528,0.9528,0,0.0004*,0.0004,Extrapolation,567.492379,2.556381*,2.536893,Extrapolation,0.030166,-,2.536893,0.183106,0.254598
d15-q1.29-sA_-0.332_-0.0995_0.0848_sB_-0.211_0.339_0.212/Lev5,SXS:BBH:0126,1.29,-0.2505,-0.2371,0.0911,-0.3584,0.1716,0.2151,0.00032,18.6485,0.7303,0.732,0.0017,0.0162*,0.0138,Junk Radiation,0.9484,0.9487,0.0003,0.0004*,0.0003,Extrapolation,1070.125326,18.428887*,18.403565,Extrapolation,0.051837,-,18.403565,0.257419,0.929373
d15-q1.34-sA_-0.00555_-0.0772_-0.0169_sB_-0.0752_-0.0477_-0.179/Lev5,SXS:BBH:0127,1.34,0.0097,-0.077,-0.0169,-0.061,-0.0655,-0.1789,<1.1e-04,17.1804,0.6531,0.6532,0.0001,0.0100*,0.0081,Extrapolation,0.9554,0.9554,0,0.0004*,0.0004,Extrapolation,112.835068,2.942108*,2.926308,Extrapolation,0.007274,-,2.926308,0.298354,0.060471
d15-q1.35-sA_0.0379_-0.0153_0.0339_sB_0.0256_0.114_0.396/Lev5,SXS:BBH:0128,1.35,0.0406,0.0052,0.1339,-0.0482,0.1028,0.3967,<7.2e-05,19.354,0.7429,0.7435,0.0006,0.0182*,0.0157,Junk Radiation,0.9467,0.9467,0.0001,0.0005*,0.0004,Extrapolation,173.673532,10.185108*,10.184379,Extrapolation,0.014084,-,10.184379,0.068368,0.099852
d15-q1.36-sA_-0.00139_-0.000109_0.0885_sB_0.103_-0.332_-0.0751/Lev5,SXS:BBH:0129,1.36,-0.0015,-0.0003,0.0885,0.193,-0.2891,-0.0748,0.00031,17.9018,0.6873,0.6873,0,0.0107*,0.0084,Extrapolation,0.9528,0.9528,0.0001,0.0004*,0.0004,Extrapolation,178.118748,1.384086*,1.301007,Extrapolation,0.0175,-,1.301007,0.468334,0.05858
d15-q1.38-sA_0.16_-0.0505_-0.0163_sB_0.272_-0.141_0.337/Lev5,SXS:BBH:0130,1.38,0.1639,0.0372,-0.0137,0.2935,0.0596,0.3427,0.00013,18.6416,0.7071,0.7075,0.0004,0.0178*,0.0155,Junk Radiation,0.9505,0.9505,0,0.0005*,0.0004,Extrapolation,688.876377,7.088464*,7.072178,Extrapolation,0.002723,-,7.072178,0.317217,0.360537
d15-q1.55-sA_0.0379_-0.0225_-0.0693_sB_0.106_-0.0176_-0.175/Lev5,SXS:BBH:0131,1.55,0.042,-0.0136,-0.0699,0.1053,0.0171,-0.1755,<9.1e-05,17.3809,0.6282,0.6287,0.0005,0.0101*,0.0079,Extrapolation,0.9582,0.9582,0,0.0004*,0.0004,Extrapolation,212.143651,2.133469*,2.127139,Extrapolation,0.007654,-,2.127139,0.090366,0.136914
d15-q1.63-sA_-0.0565_-0.099_-0.0075_sB_-0.0273_-0.0972_0.309/Lev5,SXS:BBH:0132,1.63,-0.005,-0.1143,-0.0067,0.0409,-0.087,0.3105,0.00013,18.9915,0.6783,0.6785,0.0002,0.0166*,0.0145,Junk Radiation,0.9544,0.9544,0,0.0004*,0.0003,Extrapolation,159.414236,0.220585*,0.159769,Junk Radiation,0.05369,-,0.095285,0.159769,0.105688
d15-q1.63-sA_0.106_-0.0107_-0.134_sB_-0.153_-0.00829_-0.0212/Lev5,SXS:BBH:0133,1.63,0.0984,0.0416,-0.1338,-0.1067,-0.11,-0.0213,<9.3e-05,17.6229,0.6178,0.6183,0.0005,0.0166*,0.0146,Junk Radiation,0.9591,0.9591,0.0001,0.0005*,0.0004,Extrapolation,296.666497,0.686228*,0.642296,Extrapolation,0.011494,-,0.642296,0.173287,0.167944
d15-q1.63-sA_-0.121_0.269_-0.0151_sB_0.0189_0.0279_0.176/Lev5,SXS:BBH:0134,1.63,-0.2305,0.1843,-0.0119,-0.0006,0.0322,0.1763,0.00018,18.6454,0.6715,0.6716,0.0001,0.0160*,0.014,Junk Radiation,0.9552,0.9551,0.0001,0.0004*,0.0003,Extrapolation,531.978405,2.739482*,2.671474,Extrapolation,0.01768,-,2.671474,0.507062,0.33251
d15-q1.64-sA_-0.0927_0.0639_0.0235_sB_0.109_-0.233_-0.227/Lev5,SXS:BBH:0135,1.64,-0.1098,0.0272,0.0237,0.2114,-0.1441,-0.2285,0.00016,17.8554,0.6427,0.6427,0,0.0131*,0.0105,Junk Radiation,0.9579,0.9579,0,0.0004*,0.0003,Extrapolation,177.875836,4.690773*,4.687252,Extrapolation,0.020144,-,4.687252,0.066127,0.168051
d15-q1.68-sA_0.103_-0.127_0.326_sB_-0.156_-0.0447_0.144/Lev5,SXS:BBH:0136,1.68,0.1176,-0.1136,0.3259,-0.1455,-0.0707,0.1446,0.00009,20.2905,0.7499,0.7498,0,0.0094*,0.0087,Extrapolation,0.949,0.949,0,0.0004*,0.0004,Extrapolation,170.395587,12.924792*,12.923405,Extrapolation,0.007953,-,12.923405,0.067921,0.176534
d15-q1.76-sA_-0.334_-0.227_-0.0377_sB_0.013_0.17_-0.186/Lev5,SXS:BBH:0137,1.76,-0.2482,-0.3188,-0.034,-0.0705,0.151,-0.1897,0.00018,18.0094,0.636,0.636,0.0001,0.0115*,0.0092,Junk Radiation,0.9593,0.9593,0.0001,0.0003*,0.0002,Extrapolation,726.518064,1.988514*,1.956947,Extrapolation,0.005302,-,1.956947,0.00828,0.352775
d15-q1.7-sA_0.0169_0.427_0.0409_sB_-0.0135_-0.00565_-0.111/Lev5,SXS:BBH:0138,1.7,-0.0441,0.4248,0.0418,-0.0125,-0.008,-0.1111,0.00052,18.3779,0.6706,0.6711,0.0005,0.0087*,0.0076,Extrapolation,0.9571,0.9571,0,0.0004*,0.0003,Extrapolation,170.794378,10.785057*,10.359298,Extrapolation,0.040173,-,10.359298,2.999898,0.037186
d15-q1.82-sA_-0.0122_-0.344_0.209_sB_-0.139_-0.0208_-0.0409/Lev5,SXS:BBH:0139,1.82,0.0316,-0.3419,0.2101,-0.1324,-0.0472,-0.0417,0.00025,19.7088,0.708,0.7101,0.0021,0.0084*,0.0075,Extrapolation,0.9543,0.9546,0.0003,0.0003*,0.0003,Extrapolation,763.477033,16.744263*,16.736528,Extrapolation,0.01394,-,16.736528,0.051677,0.50607
d15-q1.82-sA_0.0646_-0.379_-0.209_sB_-0.0496_0.0732_0.0865/Lev5,SXS:BBH:0140,1.82,0.115,-0.3667,-0.2087,-0.0656,0.0617,0.0874,0.00031,17.8921,0.5984,0.599,0.0007,0.0081*,0.0072,Extrapolation,0.9612,0.9613,0.0001,0.0003*,0.0003,Extrapolation,679.915202,5.004732*,4.863434,Extrapolation,0.016929,-,4.863434,1.015204,0.602846
d15-q1.84-sA_-0.175_0.0724_0.086_sB_-0.066_0.14_0.0397/Lev5,SXS:BBH:0141,1.84,-0.1822,0.0519,0.086,-0.0929,0.1244,0.04,0.00011,19.3286,0.6696,0.6697,0.0001,0.0084*,0.0077,Extrapolation,0.9571,0.9571,0,0.0003*,0.0003,Extrapolation,342.561033,4.149665*,4.143032,Extrapolation,0.026686,-,4.143032,0.011002,0.232754
d15-q1.91-sA_-0.333_-0.164_-0.0527_sB_0.00393_-0.00138_0.11/Lev5,SXS:BBH:0142,1.91,-0.2912,-0.2303,-0.0516,0.0038,0.0012,0.11,<1.6e-04,18.9729,0.6389,0.639,0.0001,0.0094*,0.0072,Extrapolation,0.9597,0.9597,0,0.0003*,0.0003,Extrapolation,629.012898,1.192222*,1.088468,Extrapolation,0.019875,-,1.088468,0.317183,0.368279
d15-q1.92-sA_-0.107_-0.0398_0.436_sB_-0.2_-0.386_-0.0874/Lev5,SXS:BBH:0143,1.92,-0.0943,-0.0623,0.436,-0.0187,-0.4345,-0.0853,0.00048,21.0843,0.7599,0.7604,0.0006,0.0114*,0.0084,Extrapolation,0.9507,0.9507,0,0.0004*,0.0004,Extrapolation,204.274143,3.374652*,3.341949,Extrapolation,0.096588,-,3.341949,0.335384,0.3128
d15-q1.94-sA_0.0735_0.096_-0.288_sB_-0.0543_-0.0115_0.215/Lev5,SXS:BBH:0144,1.94,0.0613,0.1036,-0.2882,-0.0504,-0.0217,0.2152,0.00008,18.0391,0.5537,0.5538,0.0002,0.0077*,0.0069,Extrapolation,0.9639,0.9639,0,0.0003*,0.0003,Extrapolation,234.373056,4.006851*,3.949287,Extrapolation,0.081793,-,3.949287,0.650211,0.168867
d15-q1.96-sA_0.021_0.0245_-0.0474_sB_0.0809_-0.0299_0.0255/Lev5,SXS:BBH:0145,1.96,0.0167,0.0289,-0.0488,0.0912,-0.0024,0.0273,<8.8e-05,18.9013,0.6135,0.614,0.0004,0.0089*,0.0072,Extrapolation,0.9614,0.9614,0,0.0003*,0.0003,Extrapolation,158.87147,5.351939*,5.343887,Extrapolation,0.130367,-,5.343887,0.229285,0.128662
d15-q1.97-sA_-0.18_-0.0479_-0.0378_sB_-0.0675_0.0779_-0.357/Lev5,SXS:BBH:0146,1.97,-0.1564,-0.1015,-0.0368,-0.0982,0.0265,-0.3572,<8.5e-05,18.1687,0.5977,0.5979,0.0002,0.0112*,0.009,Junk Radiation,0.963,0.9631,0,0.0003*,0.0003,Extrapolation,193.350571,7.828299*,7.821293,Extrapolation,0.089225,-,7.821293,0.275335,0.160838
d10.4_q1_sA_0.5_0_0_sB_-0.5_0_0/Lev3,SXS:BBH:0147,1,0.4039,0.2938,-0.0011,-0.4039,-0.2938,-0.0011,0.02913,7.1184,0.6812,0.6814,0.0002,0.0243,0.0234,Junk Radiation,0.9502,0.9503,0.0001,0.0009,0.0007,Junk Radiation,1796.598613,14.277451,11.663116,Junk Radiation,0.220608,7.815313,2.095652,11.663116,1.51585
d15.3_q1.00_sA_0.000_0.000_-0.438_sB_0.000_-0.000_-0.438/Lev5,SXS:BBH:0148,1,0,0,-0.4376,0,0,-0.4376,0.00002,15.4545,0.5478,0.5453,0.0025,0.0196,0.0188,Junk Radiation,0.9611,0.9572,0.0039,0.0048,0.0042,Junk Radiation,0.021452,0.05441,0.049086,Truncation,0.000043,0.049086,0.012399,0.019641,0.003398
d15_q1_sA_0_0_-0.2_sB_0_0_-0.2/Lev4,SXS:BBH:0149,1,0,0,-0.2,0,0,-0.2,0.00018,17.1172,0.6242,0.6199,0.0044,0.0205,0.0198,Junk Radiation,0.9565,0.9514,0.0051,0.0063,0.0054,Junk Radiation,0.101269,0.112362,0.099116,Junk Radiation,0.00102,0.009787,0.050765,0.099116,0.011283
d15_q1_sA_0_0_0.2_sB_0_0_0.2/Lev4,SXS:BBH:0150,1,0,0,0.2,0,0,0.2,0.00029,19.8186,0.7464,0.7432,0.0032,0.0192,0.0178,Junk Radiation,0.9455,0.9412,0.0043,0.0053,0.0046,Junk Radiation,0.074917,0.07858,0.070214,Junk Radiation,0.000192,0.001936,0.034309,0.070214,0.007992
d15_q1_sA_0_0_-0.6_sB_0_0_-0.6/Lev4,SXS:BBH:0151,1,0,0,-0.5999,0,0,-0.5999,0.00025,14.4756,0.4942,0.4945,0.0003,0.0073,0.0061,Extrapolation,0.9637,0.9637,0,0.0003,0.0003,Extrapolation,0.000626,0.000327,0.000311,Extrapolation,0.000001,0.000101,0.000311,0.000001,0.000004
d15_q1_sA_0_0_0.6_sB_0_0_0.6/Lev4,SXS:BBH:0152,1,0,0,0.6,0,0,0.6,0.00043,22.6434,0.8578,0.859,0.0012,0.014,0.011,Extrapolation,0.9269,0.9269,0.0001,0.0008,0.0008,Extrapolation,0.002367,0.000647,0.000629,Extrapolation,0,0.000153,0.000629,0.000004,0.000002
d15_q1_sA_0_0_0.85_sB_0_0_0.85/Lev4,SXS:BBH:0153,1,0,0,0.8498,0,0,0.8498,0.00083,24.4863,0.9191,0.9209,0.0018,0.0152*,0.013,Extrapolation,0.9061,0.9063,0.0002,0.0010*,0.001,Extrapolation,0.007196,0.002465*,0.002464,Extrapolation,0.000004,-,0.002464,0.000034,0.000011
d15_q1_sA_0_0_-0.8_sB_0_0_-0.8/Lev4,SXS:BBH:0154,1,0,0,-0.7998,0,0,-0.7998,0.00033,13.2423,0.4269,0.4283,0.0014,0.0098,0.0071,Junk Radiation,0.9665,0.9666,0.0001,0.0005,0.0005,Extrapolation,0.000378,0.000192,0.000163,Extrapolation,0,0.000102,0.000163,0.000006,0
d15_q1_sA_0_0_0.8_sB_0_0_0.8/Lev4,SXS:BBH:0155,1,0,0,0.7999,0,0,0.7999,0.00047,24.0886,0.9075,0.9092,0.0016,0.0148,0.0125,Extrapolation,0.9112,0.9114,0.0002,0.001,0.001,Extrapolation,0.005271,0.001821,0.001556,Extrapolation,0.000002,0.000944,0.001556,0.000068,0.000015
d15_q1_sA_0_0_-0.95_sB_0_0_-0.95/Lev5,SXS:BBH:0156,1,0,0.0001,-0.949,0,0.0001,-0.949,0.00054,12.4233,0.3757,0.3786,0.003,0.0157,0.0131,Junk Radiation,0.9683,0.9683,0,0.0008,0.0007,Extrapolation,0.105829,0.117755,0.085365,Truncation,0.000203,0.085365,0.016129,0.079139,0.007474
d15_q1_sA_0_0_0.95_sB_0_0_0.95/Lev4,SXS:BBH:0157,1,0,0,0.9496,0,0,0.9496,0.00014,25.1507,0.9409,0.943,0.0021,0.016,0.0143,Extrapolation,0.8935,0.8938,0.0003,0.0012,0.0012,Extrapolation,0.007976,0.001315,0.001042,Extrapolation,0.000001,0.000801,0.001042,0.000012,0.00001
d15_q1_sA_0_0_0.97_sB_0_0_0.97_ecc6e-4/Lev6,SXS:BBH:0158,1,0,0,0.9695,0,0,0.9695,0.00079,25.274,0.945,0.9697,0.0247,0.0509,0.0456,Extrapolation,0.8905,0.8913,0.0008,0.0085,0.0057,Junk Radiation,0.162101,1.551705,1.525875,Truncation,0.000214,1.525875,0.281765,0.010152,0.000025
d15_q1_sA_0_0_-0.9_sB_0_0_-0.9/Lev4,SXS:BBH:0159,1,0,0,-0.8996,0,0,-0.8996,0.00056,12.669,0.3927,0.3929,0.0002,0.0067,0.0053,Extrapolation,0.9678,0.9677,0.0001,0.0003,0.0003,Extrapolation,0.002205,0.001711,0.001567,Extrapolation,0.000002,0.000656,0.001567,0.000195,0.000027
d15_q1_sA_0_0_0.9_sB_0_0_0.9/Lev4,SXS:BBH:0160,1,0,0,0.8997,0,0,0.8997,0.00042,24.8307,0.9302,0.9321,0.0019,0.0156,0.0136,Extrapolation,0.9002,0.9004,0.0002,0.0011,0.0011,Extrapolation,0.006682,0.001703,0.001394,Truncation,0,0.001394,0.000979,0.000006,0.000008
d16_q1_sA_0.5196_0_-0.3_sB_0.5196_0_-0.3/Lev4,SXS:BBH:0161,1,0.4455,0.2808,-0.2874,0.4455,0.2808,-0.2874,0.00231,18.7316,0.6361,0.6314,0.0047,0.0192,0.0183,Junk Radiation,0.9562,0.9502,0.006,0.0074,0.0062,Junk Radiation,0.131627,0.218001,0.149637,Limited Modes,0.149637,0.065628,0.063352,0.128701,0.015781
d13.9_q2.00_sA_0.000_0.000_0.600_sB_0.000_0.000_0.000/Lev4,SXS:BBH:0162,2,0,0,0.6,0,0,0,0.00655,18.6106,0.8082,0.8062,0.0021,0.0124,0.0105,Junk Radiation,0.9461,0.9356,0.0104,0.0146,0.0107,Junk Radiation,282.157685,341.608829,219.716786,Truncation,5.7307,219.716786,138.996864,219.41621,30.408615
d15.3_q1.00_sA_0.520_0.000_-0.300_sB_0.520_0.000_0.300/Lev4,SXS:BBH:0163,1,0.4415,0.2901,-0.2844,0.4243,0.266,0.3305,0.00276,18.6917,0.7276,0.7225,0.0051,0.0217,0.0209,Junk Radiation,0.9504,0.9447,0.0058,0.0072,0.0061,Junk Radiation,629.049816,7.656128,5.064497,Truncation,0.122721,5.064497,3.43077,4.509593,0.919504
d14.7_q1.00_sA_0.520_0.000_0.300_sB_0.520_0.000_0.300/Lev4,SXS:BBH:0164,1,0.4248,0.2659,0.3299,0.4248,0.2659,0.3299,0.00129,18.7241,0.8044,0.8,0.0045,0.0228,0.0217,Junk Radiation,0.9375,0.9317,0.0058,0.0071,0.0061,Junk Radiation,0.135893,0.174092,0.117453,Junk Radiation,0.089551,0.057472,0.070392,0.117453,0.015338
d10.0_q6.00_sA_0.739_0.190_-0.495_sB_-0.190_0.051_-0.227/Lev3,SXS:BBH:0165,6,0.7037,0.3132,-0.4839,-0.1705,-0.0718,-0.2362,<3.7e-03,6.516,0.5621,0.5632,0.0012,0.0009,0.0008,Junk Radiation,0.9877,0.9871,0.0006,0.0011,0.0009,Junk Radiation,266.00244,13.335066,11.351885,Truncation,3.5932,11.351885,2.980712,5.193296,0.438925
d13_q6_sA_0_0_0_sB_0_0_0/Lev5,SXS:BBH:0166,6,0,0,0,0,0,0,<4.4e-05,21.5589,0.3725,0.3727,0.0003,0.0025*,0.0018,Junk Radiation,0.9855,0.9855,0,0.0001*,0.0001,Extrapolation,114.287955,0.616381*,0.550563,Extrapolation,0.16803,-,0.550563,0.191931,0.108322
d13_q4_sA_0_0_0_sB_0_0_0/Lev5,SXS:BBH:0167,4,0,0,0,0,0,0,<9.9e-05,15.5908,0.4716,0.4719,0.0004,0.0052,0.0037,Extrapolation,0.9779,0.978,0.0001,0.0002,0.0002,Extrapolation,155.688691,1.679925,1.366937,Truncation,0.124224,1.366937,0.947959,0.134665,0.146414
d13_q3_sA_0_0_0_sB_0_0_0/Lev5,SXS:BBH:0168,3,0,0,0,0,0,0,<1.1e-04,15.6388,0.5406,0.541,0.0004,0.0117,0.0105,Junk Radiation,0.9713,0.9713,0.0001,0.0004,0.0003,Extrapolation,169.825447,1.719371,1.053974,Extrapolation,0.035178,0.959852,1.053974,0.948675,0.151118
d13_q2_sA_0_0_0_sB_0_0_0/Lev5,SXS:BBH:0169,2,0,0,0,0,0,0,<1.2e-04,15.6805,0.6234,0.6239,0.0004,0.0097,0.0072,Extrapolation,0.9612,0.9613,0,0.0004,0.0004,Extrapolation,147.265072,1.126978,0.91517,Extrapolation,0.007794,0.442692,0.91517,0.471136,0.120578
d13_q1_sA_0_0_0.44_sB_0_0_0.44/Lev6,SXS:BBH:0170,1,-0.0008,-0.0008,0.4365,0.0008,0.0008,0.4365,<1.3e-4,15.5294,0.814,0.8139,0.0001,0.0231,0.0208,Junk Radiation,0.9358,0.9358,0.0001,0.0008,0.0007,Extrapolation,0.269966,0.606633,0.606566,Truncation,0.000118,0.606566,0.006986,0.005532,0.001048
d13_q1_sA_0_0_-0.44_sB_0_0_-0.44/Lev6,SXS:BBH:0171,1,-0.0012,-0.0012,-0.4376,0.0012,0.0012,-0.4376,<1.3e-04,10.5591,0.5479,0.5477,0.0002,0.0171,0.0159,Junk Radiation,0.9611,0.9611,0,0.0005,0.0004,Extrapolation,0.118174,0.236954,0.236933,Truncation,0.000139,0.236933,0.000013,0.003105,0.000416
d16.0_q1.5_s0.25_0.12_-0.16_s0.1_0.05_-0.1/Lev5,SXS:BBH:0173,1.5,0.2349,0.1463,-0.161,0.0908,0.0645,-0.1012,0.00025,20.4503,0.6245,0.6231,0.0013,0.0221,0.0213,Extrapolation,0.9583,0.9572,0.0011,0.0015,0.0012,Junk Radiation,119.285899,60.704063,39.763998,Junk Radiation,0.153167,29.852348,34.816552,39.763998,0.65519
d17.0_q3.0_s0_0_0.5_s0_0_0/Lev6,SXS:BBH:0174,3,0,0,0.4995,0,0,0,0.00029,35.537,0.7555,0.7556,0.0001,0.0102,0.0084,Extrapolation,0.9604,0.9605,0.0001,0.0003,0.0002,Extrapolation,69.640862,26.173958,21.983561,Truncation,0.005029,21.983561,14.075959,1.906745,0.175413
BBH_SKS_d15.4_q1_sA_0_0_0.750_sB_0_0_0.750/Lev3,SXS:BBH:0175,1,0,0,0.7499,0,0,0.7499,0.00344,23.9255,0.8956,0.8945,0.0011,0.0202,0.0169,Junk Radiation,0.9157,0.9131,0.0026,0.0035,0.0029,Junk Radiation,2.199837,3.186531,2.123247,Truncation,0.01855,2.123247,1.052622,2.121309,0.193634
BBH_SKS_d15.4_q1_sA_0_0_0.960_sB_0_0_0.960/Lev4,SXS:BBH:0176,1,0,0,0.9596,0,0,0.9596,0.0005241,25.2398,0.9429,0.9342,0.0088,0.0295,0.027,Junk Radiation,0.892,0.8837,0.0083,0.0103,0.0086,Junk Radiation,0.191425,2.272348,2.264642,Truncation,0.00042,2.264642,0.093795,0.160168,0.022587
BBH_SKS_d15.4_q1_sA_0_0_0.990_sB_0_0_0.990/Lev4,SXS:BBH:0177,1,0,0,0.9893,0,0,0.9893,0.00126,25.4043,0.9489,0.9351,0.0139,0.029,0.0247,Junk Radiation,0.8873,0.8768,0.0105,0.0139,0.011,Junk Radiation,0.288862,1.161728,1.12949,Truncation,0.000011,1.12949,0.147209,0.225411,0.037193
BBH_SKS_d15.4_q1_sA_0_0_0.995_sB_0_0_0.995_v2/Lev5,SXS:BBH:0178,1,0,0,0.9942,0,0,0.9942,0.0008556,25.4295,0.9499,0.9439,0.006,0.0232,0.0185,Junk Radiation,0.8865,0.8849,0.0016,0.0021,0.002,Junk Radiation,0.1016,0.032663,0.025242,Extrapolation,0.000893,0.004873,0.025242,0.01987,0.003221
BBH_SKS_d15.4_q1.50_sA_0_0_0.991_sB_0.141_0_0.141_v2/Lev4,SXS:BBH:0179,1.5,-0.0006,-0.0011,0.9906,0.1282,0.0513,0.1446,0.0322398,23.7508,0.8969,0.8993,0.0023,0.0141,0.0105,Extrapolation,0.9214,0.9193,0.0021,0.0027,0.0026,Junk Radiation,1026.169068,25.54796,20.721219,Truncation,0.014038,20.721219,14.441517,3.668156,1.147327
BBH_CFMS_d18_q1_sA_0_0_0_sB_0_0_0/Lev4,SXS:BBH:0180,1,0,0,0,0,0,0,0.0000514,28.1825,0.6864,0.6881,0.0017,0.0101,0.0095,Extrapolation,0.9516,0.9517,0.0001,0.0005,0.0005,Extrapolation,0.000987,0.003562,0.003538,Truncation,0,0.003538,0.000414,0.000001,0
BBH_SKS_d14_q6_sA_0_0_0_sB_0_0_0/Lev4,SXS:BBH:0181,6,0,0,0,0,0,0,0.0000576,26.4685,0.3725,0.3113,0.0612,0.0041,0.0029,Junk Radiation,0.9854,0.9854,0,0.0002,0.0001,Junk Radiation,116.576637,4.594627,2.92473,Junk Radiation,0.146063,2.33521,2.6234,2.92473,0.446967
BBH_CFMS_d12.6_q4_sA_0_0_0_sB_0_0_0/Lev4,SXS:BBH:0182,4,0,0,0,0,0,0,<1.2e-04,15.5563,0.4716,0.472,0.0004,0.0067,0.0056,Junk Radiation,0.9779,0.9779,0,0.0003,0.0002,Junk Radiation,156.791195,4.206541,3.195065,Junk Radiation,0.543259,0.369118,2.621298,3.195065,0.42891
BBH_CFMS_d13.2_q3_sA_0_0_0_sB_0_0_0/Lev4,SXS:BBH:0183,3,0,0,0,0,0,0,0.0000477,15.6072,0.5406,0.5409,0.0004,0.0095,0.0083,Junk Radiation,0.9713,0.9712,0.0001,0.0004,0.0003,Junk Radiation,171.281947,5.508235,4.155394,Junk Radiation,0.456891,1.725282,3.10571,4.155394,0.492519
BBH_CFMS_d13.9_q2_sA_0_0_0_sB_0_0_0/Lev4,SXS:BBH:0184,2,0,0,0,0,0,0,<1.5e-04,15.6338,0.6234,0.6239,0.0005,0.0143,0.0128,Junk Radiation,0.9612,0.9612,0,0.0005,0.0003,Junk Radiation,152.749207,8.792108,7.30315,Junk Radiation,0.435871,1.917374,4.428168,7.30315,0.700139
BBH_SKS_d12.2_q9.99_sA_0_0_0_sB_0_0_0/Lev3,SXS:BBH:0185,9.989,0,0,0,0,0,0,0.0003055,24.9067,0.2608,0.7119,0.451,0.0025,0.0021,Junk Radiation,0.9917,0.9917,0.0001,0.0002,0.0001,Junk Radiation,64.738131,3.299864,2.243466,Junk Radiation,1.466754,1.264613,1.432653,2.243466,0.229904
BBH_CFMS_d12.5_q8.27_sA_0_0_0_sB_0_0_0/Lev3,SXS:BBH:0186,8.267,0,0,0,0,0,0,0.0001618,23.6694,0.2997,0.3,0.0002,0.0023,0.002,Extrapolation,0.9897,0.9899,0.0001,0.0001,0.0001,Extrapolation,80.401367,0.644201,0.497238,Junk Radiation,0.188132,0.004928,0.353665,0.497238,0.085159
BBH_SKS_d13_q5.04_sA_0_0_0_sB_0_0_0/Lev3,SXS:BBH:0187,5.039,0,0,0,0,0,0,0.00003,19.1935,0.4148,0.4171,0.0024,0.0047,0.0035,Junk Radiation,0.9825,0.9825,0,0.0002,0.0002,Junk Radiation,128.727086,4.196268,3.678964,Junk Radiation,1.14603,0.609217,1.539181,3.678964,0.142393
BBH_SKS_d12.7_q7.19_sA_0_0_0_sB_0_0_0/Lev3,SXS:BBH:0188,7.187,0,0,0,0,0,0,0.000196,22.338,0.3306,0.3899,0.0593,0.0033,0.0024,Junk Radiation,0.988,0.9881,0.0001,0.0001,0.0001,Extrapolation,94.135667,0.670168,0.586761,Extrapolation,0.184678,0.090627,0.586761,0.234441,0.086919
BBH_SKS_d12.5_q9.17_sA_0_0_0_sB_0_0_0/Lev3,SXS:BBH:0189,9.167,0,0,0,0,0,0,0.0001282,25.2062,0.2781,0.2017,0.0764,0.0027,0.0022,Junk Radiation,0.9909,0.9908,0,0.0002,0.0002,Junk Radiation,58.896606,15.617454,10.914183,Junk Radiation,4.323984,8.035066,6.397876,10.914183,0.7704
BBH_SKS_d13.5_q4.50_sA_0_0_0_sB_0_0_0/Lev3,SXS:BBH:0190,4.499,0,0,0,0,0,0,9.99999,20.0974,0.4426,0.4436,0.0009,0.0058,0.0048,Junk Radiation,0.9803,0.98,0.0003,0.0005,0.0005,Junk Radiation,136.773028,7.878206,5.637456,Junk Radiation,3.577886,3.082747,2.817513,5.637456,0.205514
BBH_SKS_d15.5_q2.51_sA_0_0_0_sB_0_0_0/Lev3,SXS:BBH:0191,2.507,0,0,0,0,0,0.0001,0.00065,22.4934,0.5801,0.5783,0.0018,0.0118,0.0104,Junk Radiation,0.9668,0.9644,0.0023,0.0034,0.0026,Junk Radiation,154.384123,14.630683,10.943923,Truncation,0.44971,10.943923,0.832816,9.647712,0.559714
BBH_SKS_d12.7_q6.58_sA_0_0_0_sB_0_0_0/Lev3,SXS:BBH:0192,6.58,0,0,0,0,0,-0.0001,0.00004,21.0883,0.3508,0.41,0.0592,0.0039,0.0033,Junk Radiation,0.9868,0.9867,0.0001,0.0003,0.0003,Junk Radiation,89.928528,18.646899,13.119668,Junk Radiation,4.036463,9.871236,7.81167,13.119668,0.908106
BBH_SKS_d14_q3.50_sA_0_0_0_sB_0_0_0/Lev3,SXS:BBH:0193,3.498,0,0,-0.0001,0,0,0,9.99999,19.5858,0.5044,0.503,0.0013,0.007,0.0056,Junk Radiation,0.9749,0.9743,0.0006,0.001,0.0008,Junk Radiation,162.77287,3.772775,3.112785,Extrapolation,0.026032,0.374037,3.112785,2.093887,0.139486
BBH_SKS_d15.5_q1.52_sA_0_0_0_sB_0_0_0/Lev3,SXS:BBH:0194,1.517,0,0,0,0,0,-0.0001,0.00074,19.5869,0.6628,0.6586,0.0042,0.0148,0.0136,Junk Radiation,0.9555,0.9509,0.0046,0.0053,0.0047,Junk Radiation,146.462868,98.705017,83.3444,Truncation,0.766962,83.3444,30.168925,42.969651,6.264837
BBH_SKS_d12.4_q7.76_sA_0_0_0_sB_0_0_0/Lev3,SXS:BBH:0195,7.761,0,0,0,0,0,0,0.0002152,21.9266,0.3134,0.4801,0.1667,0.0057,0.0054,Junk Radiation,0.989,0.989,0,0.0003,0.0003,Junk Radiation,88.47694,3.747691,2.483352,Junk Radiation,2.206844,0.537536,1.626419,2.483352,0.271664
BBH_SKS_d13_q5.52_sA_0_0_0_sB_0_0_0/Lev3,SXS:BBH:0197,5.522,0,0,0,0,0,0,0.00022,20.2807,0.3924,0.3508,0.0416,0.0051,0.0044,Junk Radiation,0.9841,0.9839,0.0002,0.0004,0.0004,Junk Radiation,109.16796,17.446021,12.281214,Junk Radiation,6.569338,7.932845,6.849186,12.281214,0.733395
BBH_SKS_d16_q1.20_sA_0_0_0_sB_0_0_0/Lev5,SXS:BBH:0198,1.203,0,0,-0.0001,0,0,0.0001,0.0001745,20.7266,0.6818,0.6787,0.003,0.0223,0.0212,Junk Radiation,0.9524,0.9455,0.0069,0.0079,0.0072,Junk Radiation,316.310685,399.696112,271.621815,Junk Radiation,0.03948,230.655042,174.283543,271.621815,49.010898
BBH_SKS_d12.2_q8.73_sA_0_0_0_sB_0_0_0/Lev3,SXS:BBH:0199,8.729,0,0,0,0,0,0,9.99999,22.6209,0.2882,0.8998,0.6116,0.0026,0.002,Junk Radiation,0.9904,0.9903,0.0001,0.0003,0.0002,Junk Radiation,89.321025,22.565549,14.91252,Junk Radiation,5.402768,12.843303,9.542524,14.91252,1.27304
BBH_SKS_d14.3_q3.27_sA_0_0_0_sB_0_0_0/Lev3,SXS:BBH:0200,3.273,0,0,-0.0001,0,0,0,0.00037,20.159,0.5203,0.5198,0.0004,0.0074,0.0059,Junk Radiation,0.9733,0.9726,0.0007,0.0012,0.001,Junk Radiation,176.579255,17.960703,12.309243,Junk Radiation,0.03484,11.245506,6.49392,12.309243,1.560698
BBH_SKS_d15_q2.32_sA_0_0_0_sB_0_0_0/Lev3,SXS:BBH:0201,2.316,0,0,0.0001,0,0,0,-0.99999,20.0168,0.5963,0.595,0.0013,0.0105,0.009,Junk Radiation,0.9648,0.9625,0.0023,0.0032,0.0025,Junk Radiation,273.800441,167.224969,114.985089,Junk Radiation,1.916683,103.658287,61.970473,114.985089,12.392177
BBH_SKS_d17_q7_sA_0_0_0.600_sB_0_0_0/Lev4,SXS:BBH:0202,7,0,0,0.6,0,0,0,0.00009,62.1096,0.737,0.5539,0.1831,0.0035,0.003,Extrapolation,0.9798,0.9801,0.0003,0.0002,0.0002,Extrapolation,33.56771,3.818019,3.702175,Truncation,0.433849,3.702175,0.707757,0.423357,0.052789
BBH_CFMS_d17_q7_sA_0_0_0.400_sB_0_0_0/Lev3,SXS:BBH:0203,7,0,0,0.3999,0,0,0,0.0000139,58.5265,0.6057,0.6073,0.0016,0.0046,0.0043,Extrapolation,0.9834,0.9837,0.0002,0.0002,0.0002,Extrapolation,59.956067,2.549599,2.281316,Extrapolation,0.32364,0.364169,2.281316,1.012147,0.185067
BBH_CFMS_d20_q7_sA_0_0_0.400_sB_0_0_0/Lev3,SXS:BBH:0204,7,0,0,0.3999,0,0,0,<1.7e-04,88.3693,0.6056,0.6085,0.0028,0.006,0.0059,Extrapolation,0.9835,0.9838,0.0003,0.0004,0.0004,Extrapolation,58.419827,0.389177,0.297763,Junk Radiation,0.200371,0.108352,0.072438,0.297763,0.07523
BBH_CFMS_d17.1_q7_sA_0_0_-0.400_sB_0_0_0/Lev3,SXS:BBH:0205,7,0,0,-0.3999,0,0,0,0.00007,44.8871,0.062,0.0628,0.0008,0.0034,0.0029,Extrapolation,0.9901,0.9902,0.0001,0.0001,0.0001,Extrapolation,115.783329,0.881536,0.695526,Extrapolation,0.063464,0.448381,0.695526,0.29442,0.039902
BBH_CFMS_d20.2_q7_sA_0_0_-0.400_sB_0_0_0/Lev3,SXS:BBH:0206,7,0,0,-0.3999,0,0,0,<1.6e-04,73.1643,0.0619,0.0633,0.0013,0.0041,0.0039,Extrapolation,0.9901,0.9902,0.0001,0.0001,0.0001,Extrapolation,114.822245,1.742978,1.407631,Truncation,0.212294,1.407631,0.871515,0.486762,0.12248
BBH_SKS_d16.4_q7_sA_0_0_-0.600_sB_0_0_0/Lev4,SXS:BBH:0207,7,0,0,-0.6,0,0,0,0.0001693,36.0649,0.077,0.1076,0.0307,0.0013,0.0011,Junk Radiation,0.9909,0.991,0.0001,0.0001,0.0001,Extrapolation,127.46831,0.24332,0.218216,Extrapolation,0.083022,0.005494,0.218216,0.014786,0.066669
BBH_SKS_d20_q5_sA_0_0_-0.900_sB_0_0_0/Lev3,SXS:BBH:0208,5,0,0,-0.9,0,0,0,0.0005074,49.8786,0.1282,0.1328,0.0047,0.004,0.0039,Extrapolation,0.9882,0.9883,0.0001,0.0001,0.0001,Extrapolation,208.058483,0.817105,0.616062,Extrapolation,0.076552,0.471162,0.616062,0.228784,0.089066
